precision,recall,threshold
0.013806706114398421,1.0,0.00021660222105923012
0.013820335636722606,1.0,0.0002533859457713324
0.01383399209486166,1.0,0.0002652913318251159
0.013847675568743818,1.0,0.00029867463256920906
0.013861386138613862,1.0,0.00030265320298394487
0.013875123885034688,1.0,0.00030491061830655107
0.013888888888888888,1.0,0.00032373734171434036
0.013902681231380337,1.0,0.00034487795883459196
0.013916500994035786,1.0,0.0003557950673438264
0.013930348258706468,1.0,0.000359284314585679
0.013944223107569721,1.0,0.0003766077942751356
0.013958125623130608,1.0,0.0003827167521192834
0.013972055888223553,1.0,0.00040463840482441924
0.013986013986013986,1.0,0.0004172062795719045
0.014,1.0,0.0004268641293606031
0.014014014014014014,1.0,0.0004278257886554243
0.014028056112224449,1.0,0.0004336825036013693
0.014042126379137413,1.0,0.0004348463235171895
0.014056224899598393,1.0,0.00046549364067524873
0.01407035175879397,1.0,0.00047187953807179065
0.014084507042253521,1.0,0.0004834242532798788
0.014098690835850957,1.0,0.0005024701798352544
0.014112903225806451,1.0,0.0005032560209149955
0.014127144298688193,1.0,0.0005070276124865405
0.014141414141414142,1.0,0.0005121107030842176
0.014155712841253791,1.0,0.000516237069455431
0.01417004048582996,1.0,0.0005255258241459658
0.014184397163120567,1.0,0.0005307722962824779
0.014198782961460446,1.0,0.0005309807226803931
0.014213197969543147,1.0,0.0005316947971151116
0.014227642276422764,1.0,0.0005336934582081239
0.014242115971515769,1.0,0.0005397983093669371
0.014256619144602852,1.0,0.000540919343900959
0.014271151885830785,1.0,0.000544750039249909
0.014285714285714285,1.0,0.0005452027920757901
0.014300306435137897,1.0,0.0005652663013947319
0.014314928425357873,1.0,0.0005662107653616035
0.014329580348004094,1.0,0.000571404224180682
0.014344262295081968,1.0,0.0005739376035098349
0.014358974358974359,1.0,0.0005754211189286956
0.014373716632443531,1.0,0.0005775566573887002
0.014388489208633094,1.0,0.0006206134327096779
0.01440329218106996,1.0,0.0006276158191956793
0.014418125643666324,1.0,0.0006339793206879858
0.01443298969072165,1.0,0.0006363279745261273
0.014447884416924664,1.0,0.0006373686716883895
0.014462809917355372,1.0,0.0006402226753273765
0.014477766287487074,1.0,0.0006464935880360223
0.014492753623188406,1.0,0.0006545344837544075
0.014507772020725389,1.0,0.0006636421652075297
0.014522821576763486,1.0,0.0006641833883236211
0.014537902388369679,1.0,0.0006683339203487627
0.014553014553014554,1.0,0.0006752090448055248
0.014568158168574402,1.0,0.000691211046320713
0.014583333333333334,1.0,0.0006916554762115108
0.014598540145985401,1.0,0.0006923346145774881
0.014613778705636743,1.0,0.0006949161799393575
0.014629049111807733,1.0,0.0006959958910946402
0.014644351464435146,1.0,0.0007029329897054166
0.014659685863874346,1.0,0.000703802341878215
0.014675052410901468,1.0,0.0007042513905481798
0.014690451206715634,1.0,0.0007090505130426579
0.014705882352941176,1.0,0.0007094685100435881
0.014721345951629864,1.0,0.0007157165941454682
0.014736842105263158,1.0,0.0007172834807426395
0.014752370916754479,1.0,0.0007265963516269214
0.014767932489451477,1.0,0.0007376401217208376
0.014783526927138331,1.0,0.0007517477002635601
0.014799154334038054,1.0,0.0007531789346412843
0.014814814814814815,1.0,0.0007747418690383375
0.014830508474576272,1.0,0.0008010839531753309
0.014846235418875928,1.0,0.0008029731802522374
0.014861995753715499,1.0,0.0008089588874684362
0.01487778958554729,1.0,0.0008114730593321752
0.014893617021276596,1.0,0.000817591775417601
0.014909478168264111,1.0,0.0008260918833746434
0.014925373134328358,1.0,0.0008299864734496322
0.014941302027748132,1.0,0.0008632789832611434
0.014957264957264958,1.0,0.0008656290332671324
0.014973262032085561,1.0,0.0008666425740616171
0.014989293361884369,1.0,0.0008789944274049878
0.015005359056806002,1.0,0.0008812709588951797
0.015021459227467811,1.0,0.0008888044058673683
0.015037593984962405,1.0,0.0009123662301052622
0.015053763440860216,1.0,0.000932480427855484
0.015069967707212056,1.0,0.0009420560402721563
0.015086206896551725,1.0,0.0009579545720014474
0.015102481121898598,1.0,0.0009781293024896213
0.01511879049676026,1.0,0.0009832972706272332
0.015135135135135135,1.0,0.0009874420785257075
0.015151515151515152,1.0,0.000996020229065468
0.015167930660888408,1.0,0.0010125346677908886
0.015184381778741865,1.0,0.0010234374149556288
0.01520086862106406,1.0,0.0010248958812466328
0.015217391304347827,1.0,0.0010257482195400237
0.015233949945593036,1.0,0.0010271459547594082
0.015250544662309368,1.0,0.0010300535304049385
0.015267175572519083,1.0,0.00104185256795396
0.015283842794759825,1.0,0.0010612292549342767
0.015300546448087432,1.0,0.001061600230857406
0.015317286652078774,1.0,0.001063080354810777
0.01533406352683461,1.0,0.0010648674352662713
0.015350877192982455,1.0,0.0010683803972682418
0.015367727771679473,1.0,0.0010702929473521902
0.015384615384615385,1.0,0.0010706006573427537
0.015401540154015401,1.0,0.0010716850668286784
0.015418502202643172,1.0,0.0010768169444186804
0.015435501653803748,1.0,0.0010824019641573572
0.01545253863134658,1.0,0.001083845227085625
0.015469613259668509,1.0,0.0010890032207998654
0.015486725663716814,1.0,0.0010932259183349259
0.015503875968992248,1.0,0.0010969808197451992
0.015521064301552107,1.0,0.0011037572118242382
0.01553829078801332,1.0,0.001107471630712054
0.015555555555555555,1.0,0.0011170965575045292
0.01557285873192436,1.0,0.00111789304849851
0.015590200445434299,1.0,0.0011332128921755253
0.01560758082497213,1.0,0.0011629845948209173
0.015625,1.0,0.0012108185790849584
0.01564245810055866,1.0,0.0012170816566440864
0.015659955257270694,1.0,0.0012203961796503752
0.015677491601343786,1.0,0.0012253775035863258
0.01569506726457399,1.0,0.0012258762634398048
0.015712682379349047,1.0,0.0012795665145840756
0.015730337078651686,1.0,0.0012829060103658975
0.015748031496062992,1.0,0.00128713404954314
0.015765765765765764,1.0,0.0012942310909450753
0.015783540022547914,1.0,0.0012949335845371262
0.01580135440180587,1.0,0.0013084910663473234
0.015819209039548022,1.0,0.0013090745619495955
0.01583710407239819,1.0,0.0013277321985078255
0.015855039637599093,1.0,0.0013310897184081521
0.015873015873015872,1.0,0.001341700472559545
0.015891032917139614,1.0,0.0013508170623339464
0.015909090909090907,1.0,0.0013609729484498805
0.015927189988623434,1.0,0.0013853077661464459
0.015945330296127564,1.0,0.0013919842366212078
0.01596351197263398,1.0,0.0014033847909593667
0.01598173515981735,1.0,0.0014214742618816763
0.016,1.0,0.0014288241558431307
0.016018306636155607,1.0,0.0014501322487739472
0.016036655211912942,1.0,0.001468845704256536
0.016055045871559634,1.0,0.0014689891733846105
0.016073478760045924,1.0,0.001488706494686923
0.016091954022988506,1.0,0.0015001040954289659
0.01611047180667434,1.0,0.0015028818637955002
0.016129032258064516,1.0,0.0015046101537973435
0.016147635524798153,1.0,0.001507899886157777
0.016166281755196306,1.0,0.0015365940782848286
0.016184971098265895,1.0,0.001540006994486683
0.016203703703703703,1.0,0.0015438174586352334
0.016222479721900347,1.0,0.0015451519692368935
0.016241299303944315,1.0,0.001578288836399742
0.016260162601626018,1.0,0.0015790260004343525
0.01627906976744186,1.0,0.0015931086815842595
0.01629802095459837,1.0,0.0015932044906991948
0.016317016317016316,1.0,0.001594334734382684
0.01633605600933489,1.0,0.0016007673094800324
0.016355140186915886,1.0,0.0016023608293514824
0.016374269005847954,1.0,0.0016028036339440534
0.01639344262295082,1.0,0.0016123782411745931
0.016412661195779603,1.0,0.0016178396487512166
0.01643192488262911,1.0,0.0016215812236525641
0.01645123384253819,1.0,0.001626571588183319
0.01647058823529412,1.0,0.0016468331631064538
0.016489988221436984,1.0,0.0016481703606156773
0.01650943396226415,1.0,0.0016590091278705144
0.01652892561983471,1.0,0.0016834227805319387
0.016548463356973995,1.0,0.0017033127045590379
0.016568047337278107,1.0,0.001720748118208357
0.016587677725118485,1.0,0.0017227150536375819
0.0166073546856465,1.0,0.0017252510649850342
0.0166270783847981,1.0,0.0017258519489617649
0.016646848989298454,1.0,0.0017414130781676742
0.016666666666666666,1.0,0.0017424817661484781
0.0166865315852205,1.0,0.0017650782691226701
0.016706443914081145,1.0,0.0017656134415385476
0.016726403823178016,1.0,0.0017706450902840035
0.01674641148325359,1.0,0.0017781918768748025
0.016766467065868262,1.0,0.0017833364693597886
0.016786570743405275,1.0,0.0018004884197013367
0.01680672268907563,1.0,0.001800584957351566
0.016826923076923076,1.0,0.001815395724033417
0.01684717208182912,1.0,0.001818403880578132
0.016867469879518072,1.0,0.0018186288596031646
0.016887816646562123,1.0,0.001824622626909277
0.016908212560386472,1.0,0.0018275997458868931
0.016928657799274487,1.0,0.0018312156147115895
0.01694915254237288,1.0,0.001832513150594987
0.01696969696969697,1.0,0.001835447790059481
0.01699029126213592,1.0,0.001858579201772033
0.01701093560145808,1.0,0.0018740117243155636
0.0170316301703163,1.0,0.0018757272616543679
0.01705237515225335,1.0,0.0018799855409060312
0.01707317073170732,1.0,0.0018968985009596238
0.017094017094017096,1.0,0.0019075157947156987
0.017114914425427872,1.0,0.0019124919317916678
0.017135862913096694,1.0,0.0019180232783448756
0.01715686274509804,1.0,0.0019207784302630567
0.01717791411042945,1.0,0.0019276331226981544
0.0171990171990172,1.0,0.001931790393607677
0.017220172201722016,1.0,0.001941596906446321
0.017241379310344827,1.0,0.0019416896421864125
0.01726263871763255,1.0,0.001957581491345578
0.01728395061728395,1.0,0.0019584717597524583
0.0173053152039555,1.0,0.0019610810811202476
0.017326732673267328,1.0,0.001962866836243933
0.01734820322180917,1.0,0.001973928688608111
0.017369727047146403,1.0,0.001989538782042754
0.017391304347826087,1.0,0.0019927708995437416
0.017412935323383085,1.0,0.001993483240927503
0.017434620174346202,1.0,0.0020009453818744514
0.017456359102244388,1.0,0.0020066896353509154
0.017478152309612985,1.0,0.002009607160776027
0.0175,1.0,0.0020314926058754897
0.017521902377972465,1.0,0.0020351753515574587
0.017543859649122806,1.0,0.002044478729713005
0.01756587202007528,1.0,0.002045678870900576
0.017587939698492462,1.0,0.0020552361287145813
0.01761006289308176,1.0,0.002055383538811839
0.017632241813602016,1.0,0.0020559925063623552
0.017654476670870115,1.0,0.0020600157497801565
0.017676767676767676,1.0,0.0020601713270319106
0.017699115044247787,1.0,0.00206715991081616
0.017721518987341773,1.0,0.0020773497817952948
0.017743979721166033,1.0,0.002077817320139469
0.017766497461928935,1.0,0.002079089312405043
0.017789072426937738,1.0,0.0020875739969817273
0.017811704834605598,1.0,0.002090089000504422
0.017834394904458598,1.0,0.002112699312444253
0.017857142857142856,1.0,0.002122368545343175
0.017879948914431672,1.0,0.0021362913863148406
0.017902813299232736,1.0,0.0021409125146213312
0.01792573623559539,1.0,0.002140973856600548
0.017948717948717947,1.0,0.0021419854000549366
0.01797175866495507,1.0,0.002146854603725256
0.017994858611825194,1.0,0.0021518134173922464
0.018018018018018018,1.0,0.0021542309478298706
0.01804123711340206,1.0,0.002160241174639944
0.01806451612903226,1.0,0.002171406092312164
0.01808785529715762,1.0,0.0021879869633499287
0.018111254851228976,1.0,0.0021884057126590277
0.018134715025906734,1.0,0.0021897929507655946
0.018158236057068743,1.0,0.0021953045616665548
0.01818181818181818,1.0,0.002205946899204116
0.018205461638491547,1.0,0.00221671085649084
0.018229166666666668,1.0,0.0022348340891674458
0.018252933507170794,1.0,0.0022401237335667764
0.018276762402088774,1.0,0.002246150993143401
0.018300653594771243,1.0,0.002246934812531426
0.01832460732984293,1.0,0.0022469929956738448
0.01834862385321101,1.0,0.0022824763042718936
0.01837270341207349,1.0,0.0022853684060020886
0.018396846254927726,1.0,0.002287651387696823
0.018421052631578946,1.0,0.0023091698704259173
0.01844532279314888,1.0,0.002315347923153665
0.018469656992084433,1.0,0.0023163625154253432
0.018494055482166448,1.0,0.0023304819750399022
0.018518518518518517,1.0,0.0023361948636241715
0.018543046357615896,1.0,0.002348574266237497
0.01856763925729443,1.0,0.002357495672867236
0.01859229747675963,1.0,0.002360980390678801
0.018617021276595744,1.0,0.0023725672595756872
0.018641810918774968,1.0,0.002376938169369675
0.018666666666666668,1.0,0.002388134915305308
0.018691588785046728,1.0,0.002388400476848107
0.01871657754010695,1.0,0.0023948635117295677
0.018741633199464525,1.0,0.0023981408775509867
0.01876675603217158,1.0,0.0024012278005931527
0.01879194630872483,1.0,0.0024037618378221904
0.01881720430107527,1.0,0.0024284697306479535
0.018842530282637954,1.0,0.00243119814271412
0.018867924528301886,1.0,0.0024370833195784506
0.018893387314439947,1.0,0.0024392122090134616
0.01891891891891892,1.0,0.0024624657074575106
0.018944519621109608,1.0,0.002467125167104787
0.018970189701897018,1.0,0.0025010373169726853
0.018995929443690638,1.0,0.0025023312753701854
0.019021739130434784,1.0,0.002506071749121981
0.01904761904761905,1.0,0.0025230324005338567
0.01907356948228883,1.0,0.0025270992593715677
0.019099590723055934,1.0,0.0025273046258482146
0.01912568306010929,1.0,0.002527535363735123
0.019151846785225718,1.0,0.0025369718984866313
0.019178082191780823,1.0,0.002541856236325494
0.019204389574759947,1.0,0.0025559483275732074
0.019230769230769232,1.0,0.002557862412021582
0.01925722145804677,1.0,0.002565844805741307
0.01928374655647383,1.0,0.00257491279203586
0.019310344827586208,1.0,0.00259605698530086
0.019337016574585635,1.0,0.002601791747666179
0.019363762102351315,1.0,0.0026036224641659707
0.019390581717451522,1.0,0.0026061937194377235
0.019417475728155338,1.0,0.0026152014789837174
0.019444444444444445,1.0,0.002623997913320414
0.019471488178025034,1.0,0.002642090529138004
0.019498607242339833,1.0,0.0026539928219254743
0.019525801952580194,1.0,0.002656059769368324
0.019553072625698324,1.0,0.002670296087284072
0.019580419580419582,1.0,0.002676117417651728
0.0196078431372549,1.0,0.0026764793907115233
0.019635343618513323,1.0,0.0026863480448405686
0.019662921348314606,1.0,0.002690560658984895
0.01969057665260197,1.0,0.002695107202199312
0.01971830985915493,1.0,0.002700350236178285
0.019746121297602257,1.0,0.002702902332689414
0.01977401129943503,1.0,0.002709154145204474
0.019801980198019802,1.0,0.002715807273909619
0.019830028328611898,1.0,0.002717886607287855
0.019858156028368795,1.0,0.002723454332010202
0.019886363636363636,1.0,0.002725666526988143
0.01991465149359886,1.0,0.0027305100358527307
0.019943019943019943,1.0,0.002745994631378717
0.019971469329529243,1.0,0.002747889964553536
0.02,1.0,0.00274898274938505
0.020028612303290415,1.0,0.0027596300395238828
0.02005730659025788,1.0,0.0027731513198842516
0.020086083213773313,1.0,0.0027773132182201126
0.020114942528735632,1.0,0.002780177548134085
0.02014388489208633,1.0,0.0027908839953099535
0.020172910662824207,1.0,0.002798536918503327
0.020202020202020204,1.0,0.0028034980845677796
0.02023121387283237,1.0,0.002805969509936681
0.020260492040520984,1.0,0.002809272671455712
0.020289855072463767,1.0,0.002819388203073391
0.020319303338171262,1.0,0.0028317752804679535
0.020348837209302327,1.0,0.0028402016214978784
0.020378457059679767,1.0,0.0028409382698474173
0.02040816326530612,1.0,0.0028479929322706514
0.020437956204379562,1.0,0.0028482423027734005
0.02046783625730994,1.0,0.002851093033703769
0.020497803806734993,1.0,0.0028536491369525723
0.020527859237536656,1.0,0.0028537102842938265
0.020558002936857563,1.0,0.0028640780849464027
0.020588235294117647,1.0,0.002876890707256282
0.020618556701030927,1.0,0.00287803390144008
0.02064896755162242,1.0,0.002883058643892271
0.019202363367799114,0.9285714285714286,0.0028870118113681433
0.019230769230769232,0.9285714285714286,0.002889690903482125
0.01925925925925926,0.9285714285714286,0.0028950029081479954
0.019287833827893175,0.9285714285714286,0.002898830248353855
0.019316493313521546,0.9285714285714286,0.0029169780506572117
0.019345238095238096,0.9285714285714286,0.0029179501632421844
0.019374068554396422,0.9285714285714286,0.0029214262343975027
0.019402985074626865,0.9285714285714286,0.0029362766099939484
0.01943198804185351,0.9285714285714286,0.0029584511156619865
0.019461077844311378,0.9285714285714286,0.002962405982050149
0.019490254872563718,0.9285714285714286,0.002988625076284825
0.01951951951951952,0.9285714285714286,0.0029944581436428977
0.019548872180451128,0.9285714285714286,0.003017918402177837
0.01957831325301205,0.9285714285714286,0.003045645775499484
0.0196078431372549,0.9285714285714286,0.003050561065003205
0.019637462235649546,0.9285714285714286,0.0030568805168738403
0.019667170953101363,0.9285714285714286,0.0030591333868693373
0.019696969696969695,0.9285714285714286,0.0030736450421981775
0.019726858877086494,0.9285714285714286,0.0030823508964645803
0.019756838905775075,0.9285714285714286,0.0030971304485043747
0.0197869101978691,0.9285714285714286,0.003097828478513681
0.019817073170731708,0.9285714285714286,0.003100316794877911
0.01984732824427481,0.9285714285714286,0.0031015379404719474
0.019877675840978593,0.9285714285714286,0.003116389285961253
0.019908116385911178,0.9285714285714286,0.003123150255248203
0.019938650306748466,0.9285714285714286,0.003148007582700923
0.019969278033794162,0.9285714285714286,0.0031590448805823537
0.02,0.9285714285714286,0.0031598554573278224
0.020030816640986132,0.9285714285714286,0.003161228570167072
0.020061728395061727,0.9285714285714286,0.003172088573714091
0.02009273570324575,0.9285714285714286,0.0031802227573143795
0.020123839009287926,0.9285714285714286,0.003185101401494585
0.020155038759689922,0.9285714285714286,0.0031902221134932464
0.020186335403726708,0.9285714285714286,0.0032072064524366413
0.02021772939346812,0.9285714285714286,0.003215323050013513
0.020249221183800622,0.9285714285714286,0.0032170925944667167
0.0202808112324493,0.9285714285714286,0.00321910638244344
0.0203125,0.9285714285714286,0.0032221059926518724
0.02034428794992175,0.9285714285714286,0.0032264504771193523
0.02037617554858934,0.9285714285714286,0.0032265960085173656
0.02040816326530612,0.9285714285714286,0.0032398792045330005
0.020440251572327043,0.9285714285714286,0.0032434200662103557
0.02047244094488189,0.9285714285714286,0.0032523247674048545
0.02050473186119874,0.9285714285714286,0.0032556717439666404
0.020537124802527645,0.9285714285714286,0.0032563253056934536
0.020569620253164556,0.9285714285714286,0.003260057335420578
0.020602218700475437,0.9285714285714286,0.0032713994025328364
0.01904761904761905,0.8571428571428571,0.0032768508039945983
0.019077901430842606,0.8571428571428571,0.0032791205227487782
0.01910828025477707,0.8571428571428571,0.003289007477301284
0.019138755980861243,0.8571428571428571,0.003294340583209368
0.019169329073482427,0.8571428571428571,0.0032946280717696848
0.0192,0.8571428571428571,0.0032946432113448707
0.019230769230769232,0.8571428571428571,0.0033130887068562203
0.019261637239165328,0.8571428571428571,0.003316111040594591
0.01929260450160772,0.8571428571428571,0.003326451624553844
0.01932367149758454,0.8571428571428571,0.003328045379613499
0.01935483870967742,0.8571428571428571,0.0033292650806921904
0.01938610662358643,0.8571428571428571,0.0033379844841639893
0.019417475728155338,0.8571428571428571,0.0033520264828082722
0.019448946515397084,0.8571428571428571,0.0033535407455350403
0.01948051948051948,0.8571428571428571,0.003356209964503549
0.01951219512195122,0.8571428571428571,0.0033565680876919014
0.019543973941368076,0.8571428571428571,0.0033614567207321316
0.01957585644371941,0.8571428571428571,0.003364972858398532
0.0196078431372549,0.8571428571428571,0.003367679093747941
0.019639934533551555,0.8571428571428571,0.003379961802794994
0.019672131147540985,0.8571428571428571,0.0033818766964306694
0.019704433497536946,0.8571428571428571,0.003384937401125514
0.019736842105263157,0.8571428571428571,0.0033868310348186574
0.019769357495881382,0.8571428571428571,0.0033930807599488436
0.019801980198019802,0.8571428571428571,0.0033976682076672076
0.019834710743801654,0.8571428571428571,0.003403509278649364
0.019867549668874173,0.8571428571428571,0.0034078636241050516
0.01990049751243781,0.8571428571428571,0.003431546269967239
0.019933554817275746,0.8571428571428571,0.0034375726428147067
0.019966722129783693,0.8571428571428571,0.0034503168440449786
0.02,0.8571428571428571,0.0034586684714089174
0.02003338898163606,0.8571428571428571,0.0034637547846261122
0.020066889632107024,0.8571428571428571,0.003467492482980553
0.020100502512562814,0.8571428571428571,0.003468220611756551
0.020134228187919462,0.8571428571428571,0.0034711060258335257
0.020168067226890758,0.8571428571428571,0.0034764315995425917
0.020202020202020204,0.8571428571428571,0.0034814832358588234
0.02023608768971332,0.8571428571428571,0.0034877519858129333
0.02027027027027027,0.8571428571428571,0.0035040929456908727
0.02030456852791878,0.8571428571428571,0.0035058117005574204
0.020338983050847456,0.8571428571428571,0.003511411500734937
0.02037351443123939,0.8571428571428571,0.0035294761357344724
0.02040816326530612,0.8571428571428571,0.003549662173991545
0.020442930153321975,0.8571428571428571,0.003568450691161378
0.020477815699658702,0.8571428571428571,0.003568559185155899
0.020512820512820513,0.8571428571428571,0.0035732467979852967
0.02054794520547945,0.8571428571428571,0.0035854714415818716
0.02058319039451115,0.8571428571428571,0.0035861961138017513
0.020618556701030927,0.8571428571428571,0.0035932308844776923
0.020654044750430294,0.8571428571428571,0.0035937926365525066
0.020689655172413793,0.8571428571428571,0.003600575292599328
0.02072538860103627,0.8571428571428571,0.003601839281270062
0.020761245674740483,0.8571428571428571,0.003614199673208953
0.02079722703639515,0.8571428571428571,0.003617457137794832
0.020833333333333332,0.8571428571428571,0.0036213145641985057
0.020869565217391306,0.8571428571428571,0.003628011011237757
0.020905923344947737,0.8571428571428571,0.003634793016017893
0.020942408376963352,0.8571428571428571,0.003644877688720793
0.02097902097902098,0.8571428571428571,0.003659164881217317
0.021015761821366025,0.8571428571428571,0.0036618937439908384
0.021052631578947368,0.8571428571428571,0.0036732368305330766
0.0210896309314587,0.8571428571428571,0.0036815665948300535
0.02112676056338028,0.8571428571428571,0.003682976800293016
0.021164021164021163,0.8571428571428571,0.003683850867162903
0.02120141342756184,0.8571428571428571,0.00368566085719823
0.021238938053097345,0.8571428571428571,0.003696989080556236
0.02127659574468085,0.8571428571428571,0.0037021525262216546
0.021314387211367674,0.8571428571428571,0.0037079716262297217
0.021352313167259787,0.8571428571428571,0.0037184629747489383
0.0213903743315508,0.8571428571428571,0.00372248553831498
0.02142857142857143,0.8571428571428571,0.0037348154830834854
0.02146690518783542,0.8571428571428571,0.0037382609744366197
0.021505376344086023,0.8571428571428571,0.0037573744511993656
0.02154398563734291,0.8571428571428571,0.0037632151522129145
0.02158273381294964,0.8571428571428571,0.0037663139964451585
0.021621621621621623,0.8571428571428571,0.0037730686413091586
0.021660649819494584,0.8571428571428571,0.003774529889589635
0.0216998191681736,0.8571428571428571,0.0037853706191363344
0.021739130434782608,0.8571428571428571,0.0037882444464015443
0.021778584392014518,0.8571428571428571,0.003789001085088627
0.02181818181818182,0.8571428571428571,0.0038101814216300093
0.02185792349726776,0.8571428571428571,0.003812123275235742
0.021897810218978103,0.8571428571428571,0.0038121485310858797
0.021937842778793418,0.8571428571428571,0.0038214878527760387
0.02197802197802198,0.8571428571428571,0.003821930271304987
0.022018348623853212,0.8571428571428571,0.003822588256185114
0.022058823529411766,0.8571428571428571,0.0038350429745889385
0.022099447513812154,0.8571428571428571,0.003841865653099613
0.02214022140221402,0.8571428571428571,0.0038504985372173417
0.022181146025878003,0.8571428571428571,0.003862657423185339
0.022222222222222223,0.8571428571428571,0.0038703317097784286
0.022263450834879406,0.8571428571428571,0.0038750606773698317
0.022304832713754646,0.8571428571428571,0.003875642358959322
0.0223463687150838,0.8571428571428571,0.0038765804299661574
0.022388059701492536,0.8571428571428571,0.003879875309894621
0.022429906542056073,0.8571428571428571,0.00388585063502374
0.02247191011235955,0.8571428571428571,0.003893487341031435
0.0225140712945591,0.8571428571428571,0.003909135105842387
0.022556390977443608,0.8571428571428571,0.0039114180681767766
0.022598870056497175,0.8571428571428571,0.0039124659365019875
0.022641509433962263,0.8571428571428571,0.003912634049572936
0.022684310018903593,0.8571428571428571,0.0039196941269416235
0.022727272727272728,0.8571428571428571,0.003929429392188818
0.022770398481973434,0.8571428571428571,0.003932999298082319
0.022813688212927757,0.8571428571428571,0.0039387782707239645
0.022857142857142857,0.8571428571428571,0.0039520380318865496
0.022900763358778626,0.8571428571428571,0.003959354376743004
0.022944550669216062,0.8571428571428571,0.00396044028949107
0.022988505747126436,0.8571428571428571,0.003972037082343025
0.023032629558541268,0.8571428571428571,0.003979199344450185
0.023076923076923078,0.8571428571428571,0.003980838464151994
0.02119460500963391,0.7857142857142857,0.003988776603153354
0.021235521235521235,0.7857142857142857,0.004000227780189969
0.02127659574468085,0.7857142857142857,0.004004606691946391
0.02131782945736434,0.7857142857142857,0.004009394522211486
0.021359223300970873,0.7857142857142857,0.004040533592902219
0.021400778210116732,0.7857142857142857,0.004060065233676399
0.021442495126705652,0.7857142857142857,0.004066632185595395
0.021484375,0.7857142857142857,0.004067537147263565
0.021526418786692758,0.7857142857142857,0.004069370184032218
0.021568627450980392,0.7857142857142857,0.004077914400050021
0.021611001964636542,0.7857142857142857,0.004082685113744526
0.021653543307086614,0.7857142857142857,0.004092078807308196
0.021696252465483234,0.7857142857142857,0.004096354355113791
0.021739130434782608,0.7857142857142857,0.004102553668390049
0.02178217821782178,0.7857142857142857,0.004103974112460151
0.021825396825396824,0.7857142857142857,0.004118921344390445
0.02186878727634195,0.7857142857142857,0.004120919758986734
0.021912350597609563,0.7857142857142857,0.004121992517843401
0.021956087824351298,0.7857142857142857,0.004129276994451596
0.022,0.7857142857142857,0.004130409315638654
0.022044088176352707,0.7857142857142857,0.004130841029402362
0.02208835341365462,0.7857142857142857,0.004137626859716495
0.022132796780684104,0.7857142857142857,0.004147266432045606
0.02217741935483871,0.7857142857142857,0.004155197367053428
0.022222222222222223,0.7857142857142857,0.004162696194657379
0.022267206477732792,0.7857142857142857,0.0041671298648222185
0.02231237322515213,0.7857142857142857,0.0041840677943178065
0.022357723577235773,0.7857142857142857,0.004184587752585993
0.02240325865580448,0.7857142857142857,0.004188426205172075
0.022448979591836733,0.7857142857142857,0.004204490143817397
0.022494887525562373,0.7857142857142857,0.004214337277566536
0.022540983606557378,0.7857142857142857,0.004217168785334303
0.022587268993839837,0.7857142857142857,0.00423162382187031
0.02263374485596708,0.7857142857142857,0.004236243080825509
0.02268041237113402,0.7857142857142857,0.004248776793034626
0.022727272727272728,0.7857142857142857,0.004249603230478252
0.022774327122153208,0.7857142857142857,0.0042581001987498845
0.022821576763485476,0.7857142857142857,0.004261564305392332
0.02286902286902287,0.7857142857142857,0.00426904590825092
0.022916666666666665,0.7857142857142857,0.004286036875946174
0.022964509394572025,0.7857142857142857,0.004297623681547952
0.02301255230125523,0.7857142857142857,0.004308143856681237
0.023060796645702306,0.7857142857142857,0.004321806489460483
0.023109243697478993,0.7857142857142857,0.0043260312862592465
0.023157894736842106,0.7857142857142857,0.004334848184413604
0.023206751054852322,0.7857142857142857,0.004339085216195973
0.023255813953488372,0.7857142857142857,0.004346661939312691
0.023305084745762712,0.7857142857142857,0.00434681454920338
0.02335456475583864,0.7857142857142857,0.004366264683837412
0.023404255319148935,0.7857142857142857,0.004383753535612842
0.023454157782515993,0.7857142857142857,0.00439810670638539
0.023504273504273504,0.7857142857142857,0.004401278625235411
0.023554603854389723,0.7857142857142857,0.004407160767769303
0.023605150214592276,0.7857142857142857,0.0044118738834983
0.023655913978494623,0.7857142857142857,0.0044141073364760055
0.023706896551724137,0.7857142857142857,0.004422676156737546
0.023758099352051837,0.7857142857142857,0.004430845645471281
0.023809523809523808,0.7857142857142857,0.004439563168669193
0.02386117136659436,0.7857142857142857,0.004453036482718334
0.02391304347826087,0.7857142857142857,0.004464811367698282
0.023965141612200435,0.7857142857142857,0.004481393923521702
0.024017467248908297,0.7857142857142857,0.004484782141303445
0.024070021881838075,0.7857142857142857,0.004489480108320482
0.02412280701754386,0.7857142857142857,0.004493421142458936
0.024175824175824177,0.7857142857142857,0.004506752945224731
0.022026431718061675,0.7142857142857143,0.004530832499448975
0.02207505518763797,0.7142857142857143,0.004544232568334537
0.022123893805309734,0.7142857142857143,0.004577637960445229
0.022172949002217297,0.7142857142857143,0.0045798133614893275
0.022222222222222223,0.7142857142857143,0.0045854306453908126
0.022271714922048998,0.7142857142857143,0.0045886534850195755
0.022321428571428572,0.7142857142857143,0.004601287041345396
0.02237136465324385,0.7142857142857143,0.004606408856420735
0.02242152466367713,0.7142857142857143,0.004612162757169
0.02247191011235955,0.7142857142857143,0.004629270916556503
0.02252252252252252,0.7142857142857143,0.004669652224346891
0.022573363431151242,0.7142857142857143,0.004688492804664303
0.02262443438914027,0.7142857142857143,0.004689644041912261
0.022675736961451247,0.7142857142857143,0.004694065912856266
0.022727272727272728,0.7142857142857143,0.00470265110585348
0.022779043280182234,0.7142857142857143,0.004710957971755236
0.0228310502283105,0.7142857142857143,0.004713436460771876
0.02288329519450801,0.7142857142857143,0.004731610665731087
0.022935779816513763,0.7142857142857143,0.004732201945734017
0.022988505747126436,0.7142857142857143,0.004752132256693664
0.02304147465437788,0.7142857142857143,0.0047560824608861695
0.023094688221709007,0.7142857142857143,0.004766741604687179
0.023148148148148147,0.7142857142857143,0.004774004839098761
0.02320185614849188,0.7142857142857143,0.00478215294413476
0.023255813953488372,0.7142857142857143,0.004799093210725432
0.023310023310023312,0.7142857142857143,0.004807989125264001
0.02336448598130841,0.7142857142857143,0.004817620698725876
0.0234192037470726,0.7142857142857143,0.004818827864217823
0.023474178403755867,0.7142857142857143,0.004837691243254928
0.023529411764705882,0.7142857142857143,0.0048519186460402345
0.02358490566037736,0.7142857142857143,0.0048849039438911
0.02364066193853428,0.7142857142857143,0.004919571698483571
0.023696682464454975,0.7142857142857143,0.004936358893793006
0.023752969121140142,0.7142857142857143,0.0049391812743864024
0.023809523809523808,0.7142857142857143,0.0049709822592194
0.02386634844868735,0.7142857142857143,0.004985584473882001
0.023923444976076555,0.7142857142857143,0.004995826934882535
0.023980815347721823,0.7142857142857143,0.0049994474900879075
0.02403846153846154,0.7142857142857143,0.005032226218581733
0.024096385542168676,0.7142857142857143,0.005042683809099905
0.024154589371980676,0.7142857142857143,0.005045953420461577
0.024213075060532687,0.7142857142857143,0.005059691434905888
0.024271844660194174,0.7142857142857143,0.005062005495026354
0.024330900243309004,0.7142857142857143,0.005082049325003031
0.024390243902439025,0.7142857142857143,0.005119478549333395
0.02444987775061125,0.7142857142857143,0.005125103151161859
0.024509803921568627,0.7142857142857143,0.0051414620592045625
0.02457002457002457,0.7142857142857143,0.005160636920804586
0.024630541871921183,0.7142857142857143,0.005160742483615831
0.024691358024691357,0.7142857142857143,0.005164603470545767
0.024752475247524754,0.7142857142857143,0.005173276848941869
0.02481389578163772,0.7142857142857143,0.005180417021981566
0.024875621890547265,0.7142857142857143,0.0051882587725966805
0.02493765586034913,0.7142857142857143,0.005194143887448769
0.025,0.7142857142857143,0.005198360650332818
0.02506265664160401,0.7142857142857143,0.005201622146616353
0.02512562814070352,0.7142857142857143,0.005219559425058782
0.02518891687657431,0.7142857142857143,0.005231749263308352
0.025252525252525252,0.7142857142857143,0.005244786939371324
0.02531645569620253,0.7142857142857143,0.005252011293211251
0.025380710659898477,0.7142857142857143,0.005261113701195637
0.02544529262086514,0.7142857142857143,0.005261494686758925
0.025510204081632654,0.7142857142857143,0.005272216073778569
0.02557544757033248,0.7142857142857143,0.005294641338734345
0.02564102564102564,0.7142857142857143,0.005314024331060917
0.02570694087403599,0.7142857142857143,0.005340504808450196
0.02577319587628866,0.7142857142857143,0.005363702125946588
0.025839793281653745,0.7142857142857143,0.005378147889341248
0.025906735751295335,0.7142857142857143,0.005408895464283294
0.025974025974025976,0.7142857142857143,0.005421453910117715
0.026041666666666668,0.7142857142857143,0.005433237496522876
0.02610966057441253,0.7142857142857143,0.005437030835506105
0.02617801047120419,0.7142857142857143,0.005441616473573109
0.026246719160104987,0.7142857142857143,0.005446004383578169
0.02631578947368421,0.7142857142857143,0.0054553776254291685
0.026385224274406333,0.7142857142857143,0.005462914628031197
0.023809523809523808,0.6428571428571429,0.00547513831452329
0.023872679045092837,0.6428571428571429,0.005484397226990957
0.023936170212765957,0.6428571428571429,0.005506524904935358
0.024,0.6428571428571429,0.005508584683501106
0.02406417112299465,0.6428571428571429,0.005514717190400332
0.024128686327077747,0.6428571428571429,0.005522066792326813
0.024193548387096774,0.6428571428571429,0.005525142426651124
0.02425876010781671,0.6428571428571429,0.005526047608545522
0.024324324324324326,0.6428571428571429,0.005529638228738439
0.024390243902439025,0.6428571428571429,0.00553624295884299
0.024456521739130436,0.6428571428571429,0.00553804496267865
0.02452316076294278,0.6428571428571429,0.0055481869414791
0.02459016393442623,0.6428571428571429,0.005576459116995569
0.024657534246575342,0.6428571428571429,0.005587504643053531
0.024725274725274724,0.6428571428571429,0.005593298202018746
0.024793388429752067,0.6428571428571429,0.005608340908515968
0.024861878453038673,0.6428571428571429,0.005610983248358164
0.024930747922437674,0.6428571428571429,0.005612297341394385
0.025,0.6428571428571429,0.0056234170445584935
0.025069637883008356,0.6428571428571429,0.005641647755427533
0.025139664804469275,0.6428571428571429,0.005648644937496648
0.025210084033613446,0.6428571428571429,0.005671370051572738
0.025280898876404494,0.6428571428571429,0.005678558739038989
0.02535211267605634,0.6428571428571429,0.005681850800572974
0.025423728813559324,0.6428571428571429,0.0057226446297857485
0.025495750708215296,0.6428571428571429,0.005783946214067406
0.02556818181818182,0.6428571428571429,0.005806630609739931
0.02564102564102564,0.6428571428571429,0.005810670903436579
0.025714285714285714,0.6428571428571429,0.005816133437358481
0.025787965616045846,0.6428571428571429,0.00589022867172011
0.02586206896551724,0.6428571428571429,0.005912511634481113
0.025936599423631124,0.6428571428571429,0.005943915533825358
0.02601156069364162,0.6428571428571429,0.005960824256635248
0.02608695652173913,0.6428571428571429,0.005970995625317111
0.02616279069767442,0.6428571428571429,0.005971250307066366
0.026239067055393587,0.6428571428571429,0.006015076560906337
0.02631578947368421,0.6428571428571429,0.006035396300062473
0.026392961876832845,0.6428571428571429,0.006058596158690329
0.026470588235294117,0.6428571428571429,0.006137869520035164
0.02654867256637168,0.6428571428571429,0.006159984706902411
0.026627218934911243,0.6428571428571429,0.006190507148511095
0.026706231454005934,0.6428571428571429,0.006235125943478261
0.026785714285714284,0.6428571428571429,0.006240311682800677
0.026865671641791045,0.6428571428571429,0.0062775823023131765
0.02694610778443114,0.6428571428571429,0.006287745920285034
0.02702702702702703,0.6428571428571429,0.006297221577826873
0.02710843373493976,0.6428571428571429,0.00631995352189299
0.027190332326283987,0.6428571428571429,0.00635968546117058
0.02727272727272727,0.6428571428571429,0.00636217259157379
0.02735562310030395,0.6428571428571429,0.006370105232963498
0.027439024390243903,0.6428571428571429,0.006422471221612355
0.027522935779816515,0.6428571428571429,0.006465604785905058
0.027607361963190184,0.6428571428571429,0.0064797702691563415
0.027692307692307693,0.6428571428571429,0.006481400999206493
0.027777777777777776,0.6428571428571429,0.0064845240049215365
0.02786377708978328,0.6428571428571429,0.006492629034999977
0.027950310559006212,0.6428571428571429,0.006524171414637854
0.028037383177570093,0.6428571428571429,0.006556595374952573
0.028125,0.6428571428571429,0.006625058569324497
0.02821316614420063,0.6428571428571429,0.006627812341586826
0.02830188679245283,0.6428571428571429,0.0066334013987639625
0.028391167192429023,0.6428571428571429,0.006663523069532571
0.028481012658227847,0.6428571428571429,0.006688511302869183
0.02857142857142857,0.6428571428571429,0.006701799690839865
0.028662420382165606,0.6428571428571429,0.006719690925752639
0.02875399361022364,0.6428571428571429,0.006772334600208237
0.028846153846153848,0.6428571428571429,0.006808963024621502
0.028938906752411574,0.6428571428571429,0.006814450392583652
0.02903225806451613,0.6428571428571429,0.0068245191542179945
0.02912621359223301,0.6428571428571429,0.006851247540034702
0.02922077922077922,0.6428571428571429,0.006854266426706845
0.029315960912052116,0.6428571428571429,0.0068865181942962
0.029411764705882353,0.6428571428571429,0.006898072465102969
0.029508196721311476,0.6428571428571429,0.006931015207766322
0.029605263157894735,0.6428571428571429,0.006968963999738023
0.0297029702970297,0.6428571428571429,0.007019845310183677
0.029801324503311258,0.6428571428571429,0.007027418393906132
0.029900332225913623,0.6428571428571429,0.007106023900328942
0.03,0.6428571428571429,0.0071555911401505
0.030100334448160536,0.6428571428571429,0.007162713960862917
0.030201342281879196,0.6428571428571429,0.007176714146575665
0.030303030303030304,0.6428571428571429,0.0071920989613926175
0.030405405405405407,0.6428571428571429,0.007207431680439259
0.030508474576271188,0.6428571428571429,0.007212876087429482
0.030612244897959183,0.6428571428571429,0.007216332193532155
0.030716723549488054,0.6428571428571429,0.007221899683012009
0.030821917808219176,0.6428571428571429,0.007250354408219375
0.030927835051546393,0.6428571428571429,0.007252911953371462
0.03103448275862069,0.6428571428571429,0.007312441958453997
0.031141868512110725,0.6428571428571429,0.007380612027608376
0.03125,0.6428571428571429,0.007425857891369955
0.0313588850174216,0.6428571428571429,0.007433934048835008
0.03146853146853147,0.6428571428571429,0.007453841185066634
0.031578947368421054,0.6428571428571429,0.007488693104939365
0.03169014084507042,0.6428571428571429,0.0074888921846824694
0.03180212014134275,0.6428571428571429,0.007498239626392214
0.031914893617021274,0.6428571428571429,0.007583979718064466
0.03202846975088968,0.6428571428571429,0.0076341547230915335
0.03214285714285714,0.6428571428571429,0.007640758223388934
0.03225806451612903,0.6428571428571429,0.007698604227826902
0.03237410071942446,0.6428571428571429,0.0077633051179640845
0.032490974729241874,0.6428571428571429,0.007772403815033331
0.03260869565217391,0.6428571428571429,0.007781272876403221
0.03272727272727273,0.6428571428571429,0.007785631486209677
0.032846715328467155,0.6428571428571429,0.007802524378499176
0.03296703296703297,0.6428571428571429,0.007810312583680807
0.03308823529411765,0.6428571428571429,0.007811821347312571
0.033210332103321034,0.6428571428571429,0.007836728345526149
0.03333333333333333,0.6428571428571429,0.007855439783172354
0.03345724907063197,0.6428571428571429,0.007860406492132651
0.033582089552238806,0.6428571428571429,0.007886533119696587
0.033707865168539325,0.6428571428571429,0.007931210403596805
0.03383458646616541,0.6428571428571429,0.007944042089273422
0.033962264150943396,0.6428571428571429,0.008002677764861545
0.03409090909090909,0.6428571428571429,0.008058437471141811
0.034220532319391636,0.6428571428571429,0.008058997317880828
0.03435114503816794,0.6428571428571429,0.008185072763866687
0.034482758620689655,0.6428571428571429,0.008239159115368724
0.03461538461538462,0.6428571428571429,0.008246410872147468
0.03474903474903475,0.6428571428571429,0.008334577666756889
0.03488372093023256,0.6428571428571429,0.008361913823457206
0.03501945525291829,0.6428571428571429,0.008367852463043021
0.03515625,0.6428571428571429,0.008475547294512378
0.03529411764705882,0.6428571428571429,0.008543068770828647
0.03543307086614173,0.6428571428571429,0.008560607299254858
0.03557312252964427,0.6428571428571429,0.008566047408503684
0.03571428571428571,0.6428571428571429,0.008617740774707956
0.035856573705179286,0.6428571428571429,0.008633557911730025
0.036,0.6428571428571429,0.008651597480798412
0.03614457831325301,0.6428571428571429,0.008784491877922001
0.036290322580645164,0.6428571428571429,0.008819904988689443
0.03643724696356275,0.6428571428571429,0.00886829493665219
0.036585365853658534,0.6428571428571429,0.008911423041703682
0.036734693877551024,0.6428571428571429,0.008977324243761606
0.036885245901639344,0.6428571428571429,0.009044463973335753
0.037037037037037035,0.6428571428571429,0.009061587878089625
0.0371900826446281,0.6428571428571429,0.009230847047770522
0.03734439834024896,0.6428571428571429,0.009324902245990887
0.0375,0.6428571428571429,0.00935424424210268
0.03765690376569038,0.6428571428571429,0.009356203788930595
0.037815126050420166,0.6428571428571429,0.00936986214336419
0.0379746835443038,0.6428571428571429,0.009394354457778791
0.038135593220338986,0.6428571428571429,0.009430701348171136
0.03829787234042553,0.6428571428571429,0.00950400306189892
0.038461538461538464,0.6428571428571429,0.009581917092465175
0.03862660944206009,0.6428571428571429,0.009608596552018619
0.03879310344827586,0.6428571428571429,0.009667045680138176
0.03896103896103896,0.6428571428571429,0.009727965302316224
0.0391304347826087,0.6428571428571429,0.00985103168630523
0.039301310043668124,0.6428571428571429,0.00990025066849195
0.039473684210526314,0.6428571428571429,0.009988604700975706
0.039647577092511016,0.6428571428571429,0.010009089115424566
0.03982300884955752,0.6428571428571429,0.01001680496566689
0.04,0.6428571428571429,0.01002554316377018
0.04017857142857143,0.6428571428571429,0.010064107404065615
0.04035874439461883,0.6428571428571429,0.010238726900343519
0.04054054054054054,0.6428571428571429,0.01038746703391431
0.04072398190045249,0.6428571428571429,0.010398197412429325
0.04090909090909091,0.6428571428571429,0.01040085313850682
0.0410958904109589,0.6428571428571429,0.010411093225416928
0.04128440366972477,0.6428571428571429,0.010430999832501918
0.041474654377880185,0.6428571428571429,0.010437971648241189
0.041666666666666664,0.6428571428571429,0.010549879174579441
0.04186046511627907,0.6428571428571429,0.010559631347790522
0.04205607476635514,0.6428571428571429,0.01078250508621576
0.04225352112676056,0.6428571428571429,0.010824661154680537
0.04245283018867924,0.6428571428571429,0.010831650556552153
0.04265402843601896,0.6428571428571429,0.010831845259460723
0.04285714285714286,0.6428571428571429,0.010843149680645188
0.0430622009569378,0.6428571428571429,0.010922181859153387
0.04326923076923077,0.6428571428571429,0.010934926599047646
0.043478260869565216,0.6428571428571429,0.010962909457329827
0.043689320388349516,0.6428571428571429,0.010965692474087772
0.04390243902439024,0.6428571428571429,0.010980556410997457
0.04411764705882353,0.6428571428571429,0.011094211585565882
0.04433497536945813,0.6428571428571429,0.011163540933618566
0.04455445544554455,0.6428571428571429,0.011191760374034665
0.04477611940298507,0.6428571428571429,0.011227892321566965
0.045,0.6428571428571429,0.01132663769291569
0.04522613065326633,0.6428571428571429,0.011447883987269218
0.045454545454545456,0.6428571428571429,0.01153262526116744
0.04568527918781726,0.6428571428571429,0.01154897382655396
0.04591836734693878,0.6428571428571429,0.011686801728068002
0.046153846153846156,0.6428571428571429,0.011748502630456613
0.04639175257731959,0.6428571428571429,0.01176589947046358
0.046632124352331605,0.6428571428571429,0.011914263728875316
0.041666666666666664,0.5714285714285714,0.011996002523482688
0.041884816753926704,0.5714285714285714,0.012018865479991448
0.042105263157894736,0.5714285714285714,0.012020744799377451
0.042328042328042326,0.5714285714285714,0.012056738121718858
0.0425531914893617,0.5714285714285714,0.012057045132970472
0.0427807486631016,0.5714285714285714,0.012101402534743145
0.043010752688172046,0.5714285714285714,0.012104340467737595
0.043243243243243246,0.5714285714285714,0.012181837279503262
0.043478260869565216,0.5714285714285714,0.012241541332413128
0.04371584699453552,0.5714285714285714,0.01227137299245417
0.04395604395604396,0.5714285714285714,0.012355077933806843
0.04419889502762431,0.5714285714285714,0.012362705298539183
0.044444444444444446,0.5714285714285714,0.012484003346799683
0.0446927374301676,0.5714285714285714,0.012492795845494032
0.0449438202247191,0.5714285714285714,0.012641199636977244
0.04519774011299435,0.5714285714285714,0.01274014286730415
0.045454545454545456,0.5714285714285714,0.01276532510160306
0.045714285714285714,0.5714285714285714,0.012936254959943837
0.04597701149425287,0.5714285714285714,0.012942420054885462
0.046242774566473986,0.5714285714285714,0.012954907216023418
0.046511627906976744,0.5714285714285714,0.013140960667619243
0.04678362573099415,0.5714285714285714,0.01318132208553111
0.047058823529411764,0.5714285714285714,0.013199665456831627
0.047337278106508875,0.5714285714285714,0.013366572829481237
0.047619047619047616,0.5714285714285714,0.013490242020613604
0.04790419161676647,0.5714285714285714,0.013732285774120449
0.04819277108433735,0.5714285714285714,0.013804575095760548
0.048484848484848485,0.5714285714285714,0.013812835982363044
0.04878048780487805,0.5714285714285714,0.013875080409755783
0.049079754601226995,0.5714285714285714,0.013918266023900425
0.04938271604938271,0.5714285714285714,0.014181530692419267
0.043478260869565216,0.5,0.014185336255804596
0.04375,0.5,0.014383006067307321
0.0440251572327044,0.5,0.014510247653040412
0.04430379746835443,0.5,0.014627649466496537
0.044585987261146494,0.5,0.014698964926282133
0.04487179487179487,0.5,0.014845571574963393
0.04516129032258064,0.5,0.01540114697619511
0.045454545454545456,0.5,0.015424195747432565
0.0457516339869281,0.5,0.015752842863632
0.046052631578947366,0.5,0.015843922090792
0.046357615894039736,0.5,0.015959526400037356
0.04666666666666667,0.5,0.015978187484348053
0.04697986577181208,0.5,0.016108393058479425
0.0472972972972973,0.5,0.016566648163432264
0.047619047619047616,0.5,0.016893790269146898
0.04794520547945205,0.5,0.01701965895066647
0.04827586206896552,0.5,0.017052943677844244
0.04861111111111111,0.5,0.01706248586017419
0.04895104895104895,0.5,0.01721770066570547
0.04929577464788732,0.5,0.017246192548528667
0.04964539007092199,0.5,0.017313985014244228
0.05,0.5,0.017367829873245328
0.050359712230215826,0.5,0.017705467700670063
0.050724637681159424,0.5,0.017748544458152708
0.051094890510948905,0.5,0.0178698102318431
0.051470588235294115,0.5,0.017934882503998145
0.05185185185185185,0.5,0.018136068473232944
0.05223880597014925,0.5,0.018359774352057392
0.05263157894736842,0.5,0.018567862108698003
0.05303030303030303,0.5,0.018719101036252128
0.05343511450381679,0.5,0.01874483011638835
0.05384615384615385,0.5,0.018820815138530983
0.05426356589147287,0.5,0.018956694804035574
0.0546875,0.5,0.019096447454664822
0.05511811023622047,0.5,0.019201997004678027
0.05555555555555555,0.5,0.019299899680195767
0.056,0.5,0.01933943978671073
0.056451612903225805,0.5,0.019398251190738174
0.056910569105691054,0.5,0.019464104725163925
0.05737704918032787,0.5,0.019917040662109784
0.05785123966942149,0.5,0.019938407208440975
0.058333333333333334,0.5,0.019962076727456524
0.058823529411764705,0.5,0.020025657660990483
0.059322033898305086,0.5,0.02048949959966885
0.05982905982905983,0.5,0.020597366306618802
0.0603448275862069,0.5,0.020997078960418324
0.06086956521739131,0.5,0.02115673742576214
0.06140350877192982,0.5,0.02116526834129504
0.061946902654867256,0.5,0.021333229794667983
0.0625,0.5,0.021395808191106747
0.06306306306306306,0.5,0.021784378828823368
0.06363636363636363,0.5,0.022137043657469966
0.06422018348623854,0.5,0.022294040830672757
0.06481481481481481,0.5,0.022723997074743985
0.06542056074766354,0.5,0.022960739970504497
0.0660377358490566,0.5,0.02335728983908925
0.06666666666666667,0.5,0.023377772491823358
0.0673076923076923,0.5,0.023401322978867056
0.06796116504854369,0.5,0.024029771514260025
0.06862745098039216,0.5,0.0256016088199917
0.06930693069306931,0.5,0.026128935284840078
0.07,0.5,0.02773202677164961
0.0707070707070707,0.5,0.028652660572181365
0.07142857142857142,0.5,0.028819244725117144
0.07216494845360824,0.5,0.028821756063409545
0.07291666666666667,0.5,0.029074365714743013
0.07368421052631578,0.5,0.029955954343670915
0.07446808510638298,0.5,0.030014292684073695
0.07526881720430108,0.5,0.03014539057019808
0.07608695652173914,0.5,0.03042144761155101
0.07692307692307693,0.5,0.03042336929845559
0.07777777777777778,0.5,0.030502565896693694
0.07865168539325842,0.5,0.030895223437500223
0.07954545454545454,0.5,0.03162749944783196
0.08045977011494253,0.5,0.0317370875461451
0.08139534883720931,0.5,0.03211830673204793
0.08235294117647059,0.5,0.03294007155339069
0.08433734939759036,0.5,0.03448050698397774
0.08536585365853659,0.5,0.03466510063504517
0.08641975308641975,0.5,0.03481902558837707
0.0875,0.5,0.03586607731462157
0.08860759493670886,0.5,0.03608165667452442
0.08974358974358974,0.5,0.0364691437776843
0.09090909090909091,0.5,0.036945258921392554
0.09210526315789473,0.5,0.03694864385583568
0.09333333333333334,0.5,0.03752987673321781
0.08108108108108109,0.42857142857142855,0.03791440240480966
0.0821917808219178,0.42857142857142855,0.04152957073151582
0.08450704225352113,0.42857142857142855,0.042466536073431406
0.08571428571428572,0.42857142857142855,0.04261669202377123
0.08695652173913043,0.42857142857142855,0.047371335215372234
0.08823529411764706,0.42857142857142855,0.050027675710661336
0.08955223880597014,0.42857142857142855,0.05140597915556788
0.09090909090909091,0.42857142857142855,0.05217921241559343
0.09230769230769231,0.42857142857142855,0.05287857825623071
0.09375,0.42857142857142855,0.05741647072418936
0.09523809523809523,0.42857142857142855,0.061981704081909075
0.0967741935483871,0.42857142857142855,0.06202073160796515
0.09836065573770492,0.42857142857142855,0.06295454699054082
0.1,0.42857142857142855,0.06406511775971749
0.1016949152542373,0.42857142857142855,0.06510437046685538
0.10344827586206896,0.42857142857142855,0.0672316684531899
0.10526315789473684,0.42857142857142855,0.07317634009083789
0.10714285714285714,0.42857142857142855,0.0758263453911969
0.10909090909090909,0.42857142857142855,0.07619626788925324
0.1111111111111111,0.42857142857142855,0.08371109969057933
0.11320754716981132,0.42857142857142855,0.08423823697081331
0.11538461538461539,0.42857142857142855,0.08497024952048475
0.11764705882352941,0.42857142857142855,0.08613529986405359
0.11904761904761904,0.35714285714285715,0.08616636056314426
0.12195121951219512,0.35714285714285715,0.08825949726317754
0.125,0.35714285714285715,0.09062297281610954
0.1282051282051282,0.35714285714285715,0.09074656103050599
0.13157894736842105,0.35714285714285715,0.09596629065830313
0.13513513513513514,0.35714285714285715,0.09597454389470007
0.1388888888888889,0.35714285714285715,0.09604307450603826
0.14285714285714285,0.35714285714285715,0.10051192945343274
0.14705882352941177,0.35714285714285715,0.10051641360706438
0.15151515151515152,0.35714285714285715,0.10054008741552592
0.15625,0.35714285714285715,0.10055223020773416
0.16129032258064516,0.35714285714285715,0.10056502439146223
0.16666666666666666,0.35714285714285715,0.1005677735066316
0.1724137931034483,0.35714285714285715,0.10655840197841428
0.17857142857142858,0.35714285714285715,0.12272024954001913
0.19230769230769232,0.35714285714285715,0.12706560152833976
0.2,0.35714285714285715,0.1290216615624764
0.20833333333333334,0.35714285714285715,0.13221983493404374
0.21739130434782608,0.35714285714285715,0.13328840879280407
0.22727272727272727,0.35714285714285715,0.1361158226443081
0.19047619047619047,0.2857142857142857,0.13982804109481273
0.2,0.2857142857142857,0.15048087502933832
0.21052631578947367,0.2857142857142857,0.156859069032676
0.16666666666666666,0.07142857142857142,0.17015147676859588
0.2,0.07142857142857142,0.18056425129821993
0.25,0.07142857142857142,0.18076636327895795
0.0,0.0,0.18078134588634545
0.0,0.0,0.1807926892807305
0.0,0.0,0.49076644511471407
1.0,0.0,
